{
    "homing_offset": [
        0.0,
        0.0,
        90.0,
        0.0,
        -90.0,
        0.0,
        -600.0
    ],
    "drive_mode": [
        0,
        0,
        0,
        0,
        0,
        0,
        0
    ],
    "start_pos": [
        16.138502,
        -7.855309,
        -95.056563,
        183.024435,
        -23.058629,
        7.097744,
        800.0
    ],
    "end_pos": [
        16.138502,
        -7.855309,
        -95.056563,
        183.024435,
        -23.058629,
        7.097744,
        0.0
    ],
    "calib_mode": [
        "DEGREE",
        "DEGREE",
        "DEGREE",
        "DEGREE",
        "DEGREE",
        "DEGREE",
        "LINEAR"
    ],
    "motor_names": [
        "j1",
        "j2",
        "j3",
        "j4",
        "j5",
        "j6",
        "gripper"
    ]
}
